home_win_rate,away_win_rate,avg_points_diff,is_home_win
0.4637597388964031,0.5075205802786997,3.9996661876141233,1
0.2234032735701148,0.20842400253124066,1.376770140620556,0
0.649614517719739,0.37988582669479526,4.351719313746535,1
0.6659610186095031,0.55767612524971,-3.9543912185661987,0
0.5862756203037605,0.512605544247242,-2.902561389766799,1
0.657839111254812,0.5762095014259454,6.3948811053335,0
0.5499894057353055,0.4022658855132198,4.74851497694875,1
0.38428270701757716,0.39959976402015523,-6.752720595465129,0
0.4794229023791301,0.4579649930698963,-3.594764228371278,1
0.786283430965713,0.6393693483476021,4.705025393976678,0
0.6326547889368037,0.5547495867765773,0.08358792095324108,0
0.2675820303073094,0.5493010846227548,-10.871785410260983,1
0.5934078986663434,0.4050289681679192,0.03994171502203514,0
0.5298423402632721,0.5335105958044418,3.4097810627267533,0
0.5994185588402772,0.5229449695907129,-4.305993658630037,1
0.6654742092401043,0.6470511628335612,2.321232568877485,0
0.5324112714955156,0.2898784664257652,4.4245429143556105,0
0.5548872069172152,0.4115303213941814,-1.2041973450168504,1
0.28834344681652413,0.7503119399525482,-14.059703358954462,0
0.6841096271714477,0.20167410623746015,17.81551119737253,1
0.6048479531735587,0.5049540730191999,2.0606393381727885,0
0.6390390808094157,0.6230556700576804,1.5628530089550863,0
0.6262493025059606,0.366927532859451,8.909489180019717,1
0.7124490352369335,0.6239711632862319,9.757441804373506,1
0.7542737528922276,0.7003109558848224,-5.776630564510509,0
0.34296212971719364,0.4358451238009542,-1.3690681745409705,0
0.23473144015684555,0.7457906084362458,-17.154901410947076,1
0.7274194169008628,0.5138951463068906,0.2585911206027731,1
0.5660725244676996,0.36931499907538656,-1.0085521805268147,1
0.5104449345494103,0.7947168517183425,-6.420844527258236,1
0.7709830416317593,0.5373319927745379,2.4238550514883963,0
0.45721119258860315,0.5159767062913345,-2.3431816791805913,1
0.27281065695262,0.3332854615649885,-7.07834948454457,0
0.27291139883973436,0.6221244850396046,-16.009544683986647,0
0.5280584839346685,0.6920617645553298,-8.397630576283973,0
0.7645448978539693,0.25347822759344685,12.087585771204914,0
0.6778560388456113,0.4983474974939514,5.900732218179057,1
0.27355074797298706,0.4916392131091895,-3.672692871850689,0
0.376362390046766,0.5889168110877867,-6.878692569086971,0
0.5946951426006046,0.26615550790405396,13.203221369022314,1
0.4419460619538562,0.5881113028971718,-6.611728314312612,1
0.24771119922862922,0.6754496946412698,-16.2658203424318,1
0.772652404531621,0.38008700940819895,9.920064926579451,1
0.703353040097767,0.36047847492690893,14.538753230405975,1
0.3717890832132781,0.3690306034149833,-5.81255991586325,0
0.33951875829745215,0.33924800095976454,3.3041077854260905,1
0.2705837183628543,0.2767756976729228,-5.716628168733753,0
0.676281568127269,0.27564058018307575,7.941807116643414,1
0.5951341368243657,0.2460688456795232,1.4659689288817912,1
0.7722264695728394,0.31902399787479246,18.65637190645893,1
0.5880026019868207,0.3614729811309893,-1.3447514502683768,1
0.6768616964542302,0.7749227709664064,-6.589361145698516,0
0.2102893774486151,0.4310789176650472,-2.91697858539309,1
0.7277720962837697,0.20416572984787026,6.438058008802617,1
0.2838983460058272,0.21648742038738822,6.556847648346764,0
0.7453474225364427,0.24058726852407802,10.195702227280075,1
0.6758195317642861,0.7968458181079872,2.773122293126818,0
0.38772109932263127,0.5381806069109587,-11.687581709776127,0
0.36030254729788186,0.6111387386681426,-14.137478732925338,0
0.6083654540425285,0.6256932662471032,1.266580073730438,1
0.46665020213194636,0.7472713489088461,-2.131365033834591,1
0.212514706044591,0.32155347690216945,1.2714454587541835,1
0.6815339922512256,0.2188430916662772,4.077093327441116,1
0.3725760976816601,0.5575407804039522,-4.841880932631921,0
0.597265461119363,0.6144329828180952,3.2492608523465942,1
0.32360736976385673,0.3088887795831906,-3.471320877510217,0
0.7385494612068946,0.6239728740861086,-2.8884771597833625,0
0.5708768601357628,0.4938578789938753,3.830543911401692,0
0.7152993918185422,0.22314237016141372,5.128320624672906,0
0.2004216434127517,0.21853187594334855,3.2171614801486355,1
0.6568676056437824,0.5620590149971235,10.230480504153839,0
0.5638973253085733,0.38209136270928284,2.4369194456198917,1
0.2995518544305683,0.6571325805857187,-9.268265754796564,0
0.5675534545960635,0.6741148125772047,-2.251727116895901,0
0.37016100108976757,0.4280439345171247,-7.011436561214282,1
0.3294543809479442,0.2102818430345767,4.115385472386749,0
0.4290082159464758,0.7692643508961894,-1.787356876182045,0
0.5920624360663453,0.36781339731982166,10.417696023412216,0
0.600940272447847,0.5588218319899494,-6.555851114526998,0
0.6594041513460084,0.7684232409432914,1.701130451479243,0
0.26537845830286744,0.3142197415573929,6.532052900204106,1
0.24822168477396173,0.44530228973999886,-11.740348287490615,0
0.34908879269773596,0.6008714049164188,-9.256839398353076,0
0.5969912110935607,0.2561195334443397,16.35249044614519,0
0.3108453832322774,0.6386980353008167,-12.479131253238418,0
0.25079484723516343,0.40708464893357243,-10.578279172728543,0
0.5961521535124849,0.4604396161472098,3.2990673550271277,0
0.49406642117947797,0.7519532792067272,-11.039787288201907,0
0.692536621658386,0.25267019170052696,4.840345707180479,0
0.5977153730657396,0.7528510242286965,-7.63146255368918,0
0.5650395729420616,0.5634681764845049,-7.294242237498507,0
0.5111637920454928,0.2882033754187989,10.412148157542884,0
0.7247543056298908,0.6091483844159825,9.035843014065577,0
0.48741326969358245,0.7871908942114587,-6.847467687902032,1
0.23168007441736793,0.43323754040733575,-9.827394225374732,1
0.6390670507786158,0.27278966303973795,7.640192018825934,1
0.3568463055884853,0.3070649171091533,1.915692957506955,1
0.28412526823124346,0.5877043787429319,-14.921784992433327,0
0.25592773231495497,0.3031714463131899,3.717934627319872,0
0.2148499133194393,0.39512957897337475,0.342363123567762,0
0.32707453925781016,0.3549631064139065,-4.827541231215594,0
0.5335019777766096,0.32621927380779137,9.695567137790004,1
0.32254072157277613,0.41109652632978505,2.7252265205594024,0
0.5413693935219591,0.4471375349219542,2.128925815299862,1
0.5179375626593358,0.2572318585830773,14.132419879395385,0
0.3435261903769018,0.721720292846352,-13.184712084475946,0
0.2437458707967107,0.49409355185379367,-7.475667354395965,0
0.3615899497788324,0.30467863698218844,8.351129256492495,1
0.71625390010044,0.2069537729530012,16.905287243165176,1
0.7480903662627734,0.4877493219292872,11.263297856091919,1
0.48684809927971445,0.5196054209287704,-5.323377198780433,1
0.6121357569041135,0.6949384261031397,5.589814735545849,1
0.51612861027667,0.6723563409730833,-1.6925304953018507,0
0.2937034058528297,0.5487945871374944,-1.729396827451838,0
0.4814390554358841,0.2894189980461762,5.136601138894287,1
0.21428582942178787,0.35736119072832356,-1.9975061626405735,1
0.7400168372210565,0.28626656105350723,5.036454168059514,1
0.5562109601568832,0.22112314147784667,1.1863735237451376,1
0.5228457737811276,0.608679183023259,-7.97236372032952,1
0.4935305039338945,0.589026549069653,-3.881634210373814,0
0.7239658907299933,0.7575904385957204,-0.9639223818123663,1
0.31460961140520943,0.6524273655796655,-8.280627726771456,0
0.43973122362227,0.2435469910980229,7.8448979062333315,0
0.5336758717599159,0.47842260726385083,6.270269622161445,0
0.7194315961948756,0.2613424358323748,11.877151687959095,0
0.4276403718340399,0.44183541702700146,1.8814874222878915,1
0.6974836165380348,0.7573844266746357,-1.3241872745752317,0
0.4471022565769079,0.3889233188170621,4.734994989321827,1
0.6673284385560474,0.7726254509928334,-6.076239571529044,1
0.5843625471946557,0.6872845324644656,-10.563572297160421,0
0.7820266283763659,0.6917540340658241,0.02847636512024021,1
0.23237410636104205,0.31775124834117596,-3.2008351427009707,1
0.5833315114209777,0.4604818766858135,-1.418277660809974,1
0.36332366091140356,0.4367900393558482,-5.921428473555618,0
0.42023279292600213,0.5870302191399183,-8.40637174800439,1
0.26527099460447034,0.42337927081300064,-1.116546874984782,1
0.25273817563773443,0.49331178265399966,-5.481505305378044,0
0.615577123035608,0.46348197833154675,3.4547681564662427,1
0.6672323977093935,0.5774150776563092,1.1524562228056503,0
0.7762522127919327,0.6595784060720349,-4.365875596027025,1
0.218900443321881,0.7755700757583535,-16.82949760384296,0
0.699759549509482,0.7913356913839797,2.5151404785376874,1
0.3577831307479654,0.37324158555909803,4.4749251836759605,0
0.2662276744148568,0.727335096644804,-14.708969525137688,0
0.34867683396277616,0.5854152557175432,-12.369752548910325,0
0.6387154435803379,0.7716707507988065,1.7691040484006493,1
0.22564428102376646,0.47127719838691035,-2.09408311025551,1
0.7032632536566075,0.38534555246222213,5.080230258701824,1
0.26558604347658865,0.42133534407217166,-8.421499085634217,0
0.6796263047269737,0.6293476346047151,-4.559257573025548,0
0.25864454286420596,0.20586962750343424,-4.186238119541901,0
0.24791407578582472,0.5900242206296622,-8.939634066391516,1
0.728925323398085,0.6177668748285828,-3.7843292842921166,0
0.5649396064841767,0.365406433796726,-1.1893168717936948,0
0.5670314655734983,0.5596807896030954,-1.5418414924706045,1
0.5011849246444667,0.6156745691341596,-10.17466572708712,1
0.6027426725042287,0.2812661500747541,11.73049285337946,1
0.40655974351603547,0.570958759949881,-6.003280138611258,0
0.6828964972034928,0.20010900375268537,9.207800972570212,0
0.2354438173118572,0.797509354182464,-8.918718244885937,0
0.5304011095008621,0.3983118157769384,10.172848336573553,1
0.26473823953752756,0.49548310360018655,-0.34603566649061435,0
0.30164472052168756,0.6044029064161125,-12.048765360129016,0
0.40138087708860765,0.32186646618471154,2.846932076929119,0
0.6588342875958813,0.5055016682497193,3.2859090158964017,0
0.5478716483659585,0.6425319375980592,-9.49526564770735,1
0.5571773743684204,0.6217802018177387,-0.5320373499937152,1
0.4554494229520966,0.5395682946908393,2.3300178129936646,0
0.4634451932989045,0.39113341694263526,-5.874843029120437,0
0.354664798538774,0.6171148071518273,-8.420266638336779,1
0.2982137410069728,0.596007122007777,-0.5420912656704324,1
0.5004980587818801,0.6707431276666032,-2.2700534653096156,1
0.2934120111856124,0.5011903575417441,-9.394558939791732,0
0.7408557829547016,0.7005830195044576,-2.1931596496047723,0
0.36565652296867235,0.24985203344066517,1.3534883813198069,0
0.21854143921186653,0.5510591621706888,-11.010117791601827,1
0.6032537509677941,0.5886428924903742,-0.8204161532927677,0
0.6822092300123315,0.4186380078579758,2.683365353558586,1
0.7210474004148779,0.20167813096656362,6.248613923424125,1
0.31073417092226774,0.3836166529656901,-9.727444022858936,1
0.7105882325673545,0.21931964506518015,10.680223661162529,1
0.7492033406496734,0.5216752540279805,0.8791537593068348,1
0.4605643825187613,0.5139734335802357,0.3272370163580254,1
0.3907840381328507,0.3628453094518934,3.8729630904595513,1
0.21838628276180752,0.6123735973115871,-2.3325769743373144,0
0.3323613313309625,0.21885789414800402,10.81439269276817,0
0.6654610209591743,0.4835619045244731,1.9912841507461367,0
0.3648023486889904,0.4653294240262011,-2.7046156558125687,0
0.5757294825996397,0.5800113719301898,1.58840750057066,1
0.39720933213290976,0.5285073235818429,0.37752571654254874,1
0.5472205858777643,0.5678242754631937,1.9646309322872966,1
0.3454631984520693,0.49886224150255487,2.6819843159464862,0
0.5451238635374664,0.3418669521915814,6.340695935001717,1
0.3490139348220954,0.6180508932935767,-14.459571446631102,0
0.252354987169444,0.6183393329075633,-10.759418889188321,0
0.6496947234805024,0.7538360763305263,-0.2643775071014316,1
0.35647599204787683,0.20216074348329025,6.563663730686812,1
0.6770574136978696,0.21015911110910934,16.940975221656924,1
0.3418894729216906,0.5977745420513544,-6.411382172264096,0
0.41071942606586453,0.2741535469301212,-1.938801634530369,0
0.2642475152739847,0.3203068584004459,-7.007601796965979,0
0.4282663513297018,0.32728769729422336,1.2347853882933704,0
0.30343568561968903,0.6698230768280523,-10.420400901334986,0
0.21261151364870307,0.7203298807827383,-7.1006017878924474,0
0.7826591775353049,0.5360898681898821,10.660457544254207,1
0.6196081278493797,0.3385969523191251,7.9018681410619065,0
0.37972545745828223,0.3460009337690516,2.6294817880447137,1
0.45934745583145314,0.6537276098487246,-12.06791455257501,0
0.5604628228608451,0.7609665520874194,0.9267140225088841,1
0.24709861948013773,0.42210580664765346,1.1521680006750392,1
0.46776810234682115,0.6165729299175224,-6.274679003228999,0
0.5300443633653235,0.5487725463981661,-7.74284694561052,0
0.24786670680315298,0.24363157059152518,0.3067252355040582,1
0.2713735560043606,0.31093145270088446,6.59355569304681,0
0.7143486157938792,0.3270910967251217,2.5904591869314917,1
0.7437619767492822,0.6348000419331543,8.309702249599736,0
0.3364610461398574,0.4993099657150985,-5.017028016449467,0
0.7299850261461356,0.22810856480661884,9.223991395894302,0
0.22334791300413978,0.5460659243244887,-14.143006204384307,0
0.5933424263933555,0.357870441929267,13.10141902423962,1
0.27507141371003746,0.6864327986463925,-6.37805917772903,0
0.3443394336180849,0.46835547091728563,-6.960985554286927,0
0.451957268240299,0.3265240027482924,-1.0018596489949716,1
0.5310449793881288,0.3596215402528281,5.1252923486789514,0
0.426795785274698,0.31699152659952684,0.673273922376374,1
0.4952257840346913,0.24113018962368832,0.4660407563072617,1
0.37932109541591286,0.27484763318429517,0.398960063583492,1
0.6515001630924235,0.31811372313933156,8.820992213068092,1
0.5024139831650534,0.3757043596886289,-1.4440188619525216,1
0.40197545107139476,0.6035385033262071,-9.969508580407211,1
0.6709841590466616,0.5605469344315617,-3.5297790265109343,0
0.7085123036863992,0.7453401980320316,-7.730008536689764,1
0.5713164383516094,0.6605736672786432,-6.822574135266401,0
0.49419307902125387,0.34540905555507717,0.9053037320094397,1
0.6114732515236256,0.5392933014633606,1.572443883825891,0
0.5294548557395,0.7738394602923617,1.452888091855499,1
0.6918750192483781,0.7540819941676926,-9.082765636272335,1
0.5602024808433503,0.42715571653735607,5.73965738507375,1
0.7018410336028054,0.6635830871578717,-6.344174460621437,1
0.30023966185544737,0.3466077164494923,-8.91543057909212,0
0.40185749876718785,0.4898258428557373,-0.529510930577068,0
0.44567121435353907,0.36743358937089465,1.1562927544874433,0
0.552497332535231,0.7810057955959437,-9.829672893169985,1
0.48686516307888766,0.22915944442698494,3.412193993253271,0
0.6686297585666322,0.5446787458122486,4.793219327118475,1
0.49427360696021855,0.2025284468458365,6.689411995408442,0
0.5194506787420148,0.7866370429726655,-9.783211254199198,0
0.7956960923661263,0.20657588270430297,8.746178816274533,0
0.6867941402160043,0.7076175396213529,-0.07780835782949036,1
0.790489776809995,0.37812337473344476,8.980672108815027,1
0.7425889928377389,0.552936635127749,3.886455717277294,0
0.21805456229677225,0.6742966120887632,-4.218897925632364,0
0.5908334123189067,0.7840511460325439,-4.35076724541907,0
0.21287126938186474,0.22826371328579761,6.405168644184635,1
0.6963700218639679,0.21068380399362918,6.134221435970058,1
0.3338536016281973,0.4604644787973543,2.29774731072722,1
0.6279923327148489,0.6944709632500785,-5.2594331483269166,1
0.4772360325146858,0.2167894509739113,5.700376649537913,1
0.707882218493191,0.6018566366173913,-1.8295772407366089,1
0.5907996244402454,0.4053313043536536,10.664598052048987,1
0.4407386105827291,0.3982979411642017,-2.6664888612149675,0
0.533697039891605,0.3543184682766124,4.765475924480375,1
0.330749444887958,0.5695968114160475,-1.2785668184633288,0
0.7477202623180685,0.24360158747575947,13.614242249903214,1
0.7375908405746574,0.25408633014137394,18.863015778392732,1
0.4000593262648635,0.6950282162884165,-5.80290087441208,0
0.5568573893052104,0.5586531590796006,5.563941898958923,0
0.4156818367958619,0.65926335779777,-7.4505846477386894,1
0.6899325743016804,0.6209475632809738,9.49388491253536,0
0.4619559632056532,0.7191959429144199,-13.54241177263047,0
0.22767183754076703,0.2991970070905903,-1.556511133118759,0
0.45707906625527145,0.2158028470562878,5.984945336578433,1
0.6137335801557451,0.45341722568965265,-1.8496923432018093,1
0.27343875214902497,0.3220415214433965,0.9319780660563266,0
0.26840012821839776,0.3646364985980753,3.0300172240064307,1
0.2663444576941367,0.48469367301427163,-8.86195146567022,0
0.4696232115691138,0.45169538423655126,8.100482589512747,1
0.7147798338761358,0.4175851098947865,-0.018708708980090805,1
0.3944148696484201,0.380641280391641,0.015181626054288633,0
0.6966593136911495,0.2616404982369864,17.434703110666142,1
0.21486085003206265,0.31299949640128005,3.3020439236598382,0
0.4386522390622777,0.4056056199942767,4.740896046724872,1
0.49603882342144573,0.2532169872424744,7.808254738846938,0
0.31270664459893494,0.5476933206838449,-13.602712251424506,1
0.3622271411681477,0.3583442477187854,-1.2244171766051168,0
0.6181394159359899,0.7135850696511683,-3.634915192889072,1
0.2145719092310879,0.6088007979010988,-2.8222007752499323,0
0.5561782696497772,0.44709395279379927,-0.4097436382694575,1
0.24869903795005574,0.3470924682038027,-10.08201325073216,0
0.3811154680911317,0.6238562225364988,-5.488735027215919,0
0.7695605589942573,0.6789321904648122,1.2581396461863248,1
0.3797581532117361,0.4642659675690284,-1.8784566039221016,1
0.7158200086428828,0.6046407463989075,-4.7689311003196515,1
0.35653851119175206,0.5769275245161734,-4.043701126776957,0
0.4080147047759381,0.26671694799855705,3.9795427136816497,0
0.21086612881130953,0.5147847133749823,-9.802833909484473,1
0.44599417551318216,0.31462595227840523,-3.0519271898384077,0
0.46937118226564584,0.42439071475236423,1.6649807393002973,1
0.5622254347747622,0.29128258501897075,9.120758951544458,1
0.2503096404372379,0.6322053924458428,-3.0688629939244905,0
0.44497562618009756,0.43641369605440306,6.755378141249221,1
0.6425442788368718,0.7708437869788636,-2.658234249222276,0
0.670070493221689,0.473902380199153,7.706470406701708,1
0.22238405834922942,0.5185219469714016,-11.34261305475329,1
0.36823661633014626,0.29437152996815885,3.5504269746220256,1
0.6079280754781362,0.4260074929645956,2.9784637357082184,0
0.6463645787132724,0.4393097316056229,9.68963992581922,1
0.7690699441206208,0.5274397692535104,12.952345516660674,0
0.6956401315344308,0.4519974292640933,-1.5240305358767534,0
0.2906434025683656,0.46120118604477506,-7.345883193166634,1
0.2520690151229712,0.3659264811309507,-2.565916282616373,0
0.3552093716092536,0.2620591915699174,6.474899029987098,1
0.5020922412286747,0.37231395199922834,-3.893364686487776,1
0.5902030668754482,0.5316240830470071,-1.634865432493839,0
0.47225409691138,0.6978248973114876,0.264739885386855,1
0.5855318595488339,0.38073223209254664,-0.33063182974464134,0
0.7744541234277464,0.41608106056886723,12.09462841092145,0
0.2788738053512478,0.3982464274226864,-4.198742552538993,1
0.6792891826698442,0.6240483849299883,6.204159042375009,0
0.7552515446122239,0.7860954985117705,0.3721289631653344,0
0.34271744598412035,0.6138765575234314,-3.901090162510404,1
0.24698027022702768,0.3463133548663714,-8.83042358947155,0
0.5207114681119267,0.6477568952523725,1.679523521521232,0
0.2979131674742578,0.5271283906091004,-6.5616663746664035,1
0.7644202985848503,0.2629682353199668,14.39925012588756,1
0.4728781159596867,0.367958981250441,-0.24997683839654794,0
0.4364403631706252,0.4236366099625443,-4.045217687246461,0
0.38513382806317065,0.4168351697541515,2.775928584551198,1
0.639839156316879,0.561368136526909,-5.010939452221289,0
0.6647473619529747,0.25767749402751516,14.843055029531547,0
0.6088085300538086,0.4418258645606028,11.164658169875503,1
0.40501397759250024,0.6669517217726302,-11.416562871262546,1
0.767700414574334,0.40800309204048785,16.473833983834297,0
0.6678084009287135,0.6168013390155305,1.609518655788542,1
0.7037452028307134,0.28387637546721567,16.319324502788795,1
0.7993529449711463,0.725891100185257,-1.1190502709315133,0
0.27125203000135745,0.7056049012509469,-18.738545376628867,0
0.2712589761245254,0.44387071781786086,-9.289887626539233,0
0.7292930858459623,0.47711647192928386,1.8162723174395428,1
0.3843477898327694,0.5920796309908705,-12.005459411624049,1
0.51176667118328,0.42947182952909385,-0.2452892960807267,0
0.6431472690088196,0.36509015279056156,9.11673275770965,0
0.4547976629455237,0.7118165007584221,-5.3485217268748215,0
0.24988115163119712,0.3096141212460489,2.6866392575521503,1
0.5289589831403094,0.4328693155232026,0.7858352054900317,0
0.699998384212314,0.23666777456458177,18.890441698305736,0
0.34335883585464155,0.6677106051425841,-11.806989315268332,0
0.23228517968505147,0.28296915520644345,-6.287632108864953,1
0.7782878557938699,0.4994848571666216,0.8649651276806392,0
0.5155787161440334,0.2799668857389399,3.2515128964253446,0
0.28392247109799373,0.3800539466012258,-2.750320901793752,1
0.6619935216227777,0.4405242606552067,2.810765259275306,0
0.30663485616692066,0.4764385429746168,-1.7035304128060051,0
0.38427281102005506,0.47051842129681554,-3.7100661239392023,1
0.7714463760555479,0.7338987046431589,7.546835901802931,1
0.7705702324196508,0.27150937860854024,9.824472366975787,0
0.3505962076280798,0.3297551107218415,-0.2235780215147265,0
0.6500556086170919,0.5770508441148496,6.443404136788285,1
0.49877230647844434,0.22480422248709597,0.14393940748809886,1
0.6262043352810771,0.3724411260881072,1.9557371139585422,0
0.40880503739230156,0.6968360596885144,-8.099016295135755,0
0.3940846811275459,0.5938612492949611,-12.19525574669618,1
0.588748653800944,0.5666833854645046,5.032967613071461,1
0.36598283526515796,0.6949438413831013,-12.815723974441806,0
0.53603781146777,0.449554585255395,3.1877202659861474,0
0.6959507342274946,0.48998292026197066,0.9012759460672433,1
0.6842831188888541,0.7182106801353918,3.8315173559815427,0
0.6378691222082966,0.40125042791442195,10.18721274922424,0
0.7999827553247274,0.3203167285811031,19.988850611171962,1
0.34671783441920956,0.7155442751608911,-6.671993509107486,1
0.43083562573945866,0.5660070635089631,-4.858265488875787,0
0.7130727019079921,0.27251298791794865,17.971699341089924,0
0.7434392176460503,0.5670266645339521,7.806113533388168,1
0.6962905084654866,0.45077714995756407,8.376623394512695,0
0.3994033062253476,0.7361478632121468,-5.800519631171769,1
0.2389988231784682,0.5156167706426285,-4.641634450036844,0
0.24609196361595045,0.20136363029704904,-3.7938575803418844,1
0.3823848168137507,0.22819583145102684,3.4528630536721,1
0.7743404600337136,0.6409375555626711,-2.268469061967979,1
0.5511256447732753,0.39748981677471207,0.5599451728024061,0
0.3763869648812527,0.6705467238739011,-6.578617051698836,0
0.615867236683533,0.3446486596623788,1.2792419245701474,1
0.3679315275206181,0.45158377533879485,-8.680908677230953,0
0.56707504749083,0.6226813604960212,-0.09647745591271972,1
0.7658933697169643,0.4467554110381554,3.426489838434379,1
0.5003323687325723,0.5001584235522483,-2.996536976165284,0
0.25312782217806573,0.3574853986285113,0.016057491453559614,1
0.7802980958956165,0.7249540821879852,7.7864572512644346,0
0.5191389936989846,0.379542593182434,8.864627814771378,0
0.6646229992270454,0.4395505433934568,12.318921284031399,1
0.6669619389545762,0.7245904942344721,-2.035129266584123,0
0.3624577530864008,0.37135341260803933,6.093857160332986,0
0.3354774861312445,0.4777091990034393,-7.636893464009207,1
0.6266866884534981,0.5382729108617416,7.071857250187239,1
0.39678862469026854,0.450111877665067,-4.44288490708709,0
0.33492627372149375,0.6040031908639292,-3.4268684798226747,1
0.5518484926953515,0.2676229171923436,2.246966434231223,1
0.43066374347963754,0.6429536007174765,-9.074957905737712,1
0.3644392902944357,0.6906852847946572,-6.2698067861774565,0
0.4935899286220885,0.7811688055215791,-5.600432466757752,1
0.28808084944273654,0.5885633297501602,-5.909576995021914,0
0.2712446914633419,0.6397792292836653,-6.769163125736359,0
0.26883684238966055,0.33436680393217716,-2.936518130296249,0
0.41613547578581067,0.5127260370075486,-9.253392611476775,1
0.403736176812841,0.5229337406429864,3.4498342196366747,1
0.3589655047651539,0.3362722384867793,5.278682184752466,1
0.749050481575799,0.7502465551968567,-7.3885743807426465,1
0.21244665724333317,0.48771541453974504,-10.385922468606783,1
0.3195981011949929,0.42658637475027833,-0.06262367138356462,1
0.24155993290849062,0.6603848870970624,-5.140962540347889,0
0.6759470376071512,0.571476143795743,-2.8844867380215113,1
0.6328508718352647,0.5350193843293496,1.8628406622149818,1
0.29368521372417056,0.2821871229771037,1.8293980985477183,0
0.22679110064933028,0.45047499583964246,-7.396185478907796,0
0.37437337417319416,0.327829037385573,-1.9441660395765745,1
0.6835976944705462,0.7727934678093751,1.5021225720698892,1
0.42892680760335167,0.7304303610278213,-1.506886778999574,0
0.7416013448270793,0.29860950256629404,13.313109850697849,1
0.4364021754228665,0.3674516357057589,8.16135377953156,1
0.4004811277425001,0.4796788173123091,0.5206592842696454,1
0.7781394838253233,0.7331760565174328,-6.501278988101299,0
0.24077305007772665,0.7608941447306039,-19.79321706651018,0
0.40484292729913,0.487725010136791,-9.869282717352965,0
0.6865830398358628,0.6986771473555392,-2.87488557780359,1
0.26180060889962375,0.2667957031559121,-1.8507405735113058,1
0.6209269852179191,0.46456915399958226,4.924320523044431,1
0.47735187185319394,0.5427381631631686,-6.440746284267577,0
0.6168087688075707,0.6114271973038339,3.957963324973907,1
0.21943396107009572,0.36052121712068574,3.189781474836134,1
0.5907503088873425,0.44116428129530694,11.10452652950585,0
0.617039141764088,0.3613191739482178,9.393440640510752,0
0.23372446496166563,0.5366368360753249,-12.829466399620884,1
0.408088891828588,0.23585993118244547,12.279869586982723,0
0.37700993631703694,0.6698140549793501,-0.644110843436537,1
0.782245114230961,0.2712357984538196,15.786347083231682,1
0.713032341044364,0.6789968462741534,-0.9322100691503501,1
0.5675281693071891,0.7200788109901028,-6.217283161697402,1
0.5037618584012313,0.45778708240168875,9.133620840804364,0
0.24085126319083672,0.4431275480518177,-11.27543347302944,0
0.4786880682554787,0.24622794360166783,-0.044230946757216394,0
0.5813059053749974,0.6629976491777052,-3.1027192403526946,0
0.34250183919552635,0.5861176305622453,1.022923426272178,1
0.34500353213696244,0.7898076023043461,-13.838458273174362,0
0.7699242032547136,0.2794749504904165,19.35533879774388,1
0.7046793453496605,0.21963622733196927,15.914828664900641,1
0.7302639036316407,0.5019100648817265,-1.6430069843706718,1
0.5064193871957667,0.40586668873201737,-2.132350748353498,1
0.46080683076260204,0.4396470985793794,1.1193138755631324,1
0.442763413990265,0.5436676451235583,-0.8093294009505327,1
0.4117036425915517,0.3544487915369203,9.078672299347103,0
0.7818678833242392,0.7124760593777637,0.6154496329572763,0
0.7091380400041125,0.44008581512983913,8.387668487204541,1
0.42933808986272937,0.41618299131236963,-2.441313569878436,0
0.6219050761898529,0.5667961016359668,3.9496484021480196,0
0.5296206989280946,0.6432094482339159,-4.450300418216418,0
0.5623122162070554,0.22075301748188103,12.982612781738949,1
0.5335780637449643,0.3225921647174562,9.155661207051798,1
0.5991166388743098,0.223490407403105,15.730135640515005,0
0.7605959855051301,0.6742788468474019,8.69951227992238,1
0.40215026565265144,0.6124310765808384,-8.338550320633397,1
0.6584293926799152,0.6683583453785891,4.043949813329917,0
0.2791158292576699,0.3790106701443509,-7.890135209939507,0
0.39285141877513097,0.7620297828403637,-10.630833060325518,0
0.3911939322167077,0.7320628986069733,-4.064581951157477,0
0.5770687584614744,0.7164430026906086,-7.892109163065965,0
0.36010753722310457,0.7142105745773983,-8.059571188944604,1
0.5980480902999541,0.5147156284674026,5.294423182906389,1
0.35827257024502024,0.542963917053175,-5.094402525752402,1
0.5684359378569241,0.453296739114197,-1.9181424386266759,1
0.38489309256228466,0.3362364626705232,-4.602382305689684,1
0.2591679601333937,0.55731337529241,-6.976859297147379,0
0.44696011461715557,0.2658361982211358,0.70686925824175,0
0.21350429102579102,0.7859842536943744,-6.337470180829175,0
0.6418403943411247,0.5129748442144282,-1.762511747766439,1
0.3869974070645106,0.6058994256838106,-8.895573914568255,0
0.31432771112243585,0.48151166421323394,0.5238940827472174,0
0.6647722239057086,0.595959814743698,9.227421850318057,1
0.3470098890234162,0.2531807308133781,-4.210422473954017,1
0.5320523245643779,0.6170811036905341,-1.180409584885496,1
0.3873068969560417,0.5153485471861592,0.4439717382549322,0
0.7955037156681215,0.3342165181411788,8.179104347863696,1
0.55518864770113,0.41987840774860596,7.274979741699165,0
0.4343822936504409,0.5448683523182359,0.2686218040883759,0
0.544738603901386,0.35560579866270103,-1.1320609707751412,0
0.3838281015370185,0.6545436228174204,-3.3866000035145394,1
0.5168682563067102,0.7533946915306233,-1.4946765066458898,0
0.4318891602130155,0.5303246680004192,-8.192818168412126,0
0.7133941799376993,0.587502255682461,2.6153526930135835,0
0.5406737918473776,0.4317614424430538,3.306357301975298,0
0.5443805524362861,0.2342452207515089,2.3392791516892677,0
0.3773464488281886,0.20123313035395107,7.349944376903753,1
0.5056761467110664,0.5411391472517697,0.4747308332233724,1
0.7368061062719393,0.5061178714489358,8.366951460415365,1
0.5777488223595632,0.6555972630507255,4.861322071060386,1
0.49036872025227674,0.5340609890371149,6.147150998438302,1
0.41209325985028183,0.5075302890055182,-2.981468790825998,0
0.6449914474616827,0.4376565211499479,3.9754942245477416,1
0.604490996072037,0.25313910407014273,7.763795299660147,1
0.2651666381465213,0.27006597451724496,-7.798654896957458,1
0.530702262221943,0.27619580571896707,5.700537949174286,1
0.5515240753225525,0.34281853405496987,-1.3517515409796497,0
0.6198034779225392,0.6011489856806304,4.547831103825593,1
0.3558460732003764,0.42796188721140904,4.041914856217151,1
0.21528190632128774,0.7267309250452139,-18.894118246786824,0
0.7600466656046199,0.3646605783224607,14.72496724089491,0
0.5863558901854403,0.6861738080317564,4.222621455233767,1
0.781489573959943,0.6282467169855814,3.353490801801187,0
0.5014667294418396,0.5437080085188932,0.843046476478337,0
0.5191253558331215,0.5302141630639393,2.1674635064520156,1
0.7218296166436988,0.42821860927965055,12.504388676654433,0
0.5843347445603415,0.2771290040997083,11.089192681552253,1
0.46955228149424694,0.661409358730604,-3.456928495876939,1
0.7292621343729635,0.27406527973993206,4.61132580547747,0
0.44331614542064535,0.35911275034493795,-0.7619370035879842,1
0.22240307912558938,0.6562747118367451,-3.7450067247336456,1
0.5777296721803044,0.6701417401985857,3.5918252377692648,1
0.46787626093294354,0.37080954517754594,8.099782336445488,1
0.5018416547295281,0.40075003366832573,8.773014989163908,1
0.6722855010117122,0.4051659080279872,5.047633346158301,1
0.637243461367865,0.2884209077393843,14.145552383191822,0
0.34456925180858994,0.637742243214193,-13.88822152703115,0
0.40347709279477084,0.6008365408711744,-11.25117153102791,1
0.3717222433060572,0.6798636621264902,-8.20770103269815,1
0.7736599363389323,0.33610947151651327,18.90222473070413,1
0.6736410832855575,0.4697884831518339,-0.14303915410270207,1
0.5038854313358025,0.3681468923656628,0.9099959085564446,1
0.3823008189162789,0.6990861735228608,-7.306684754886616,1
0.36764489854118587,0.7275995205374626,-16.08653714070841,1
0.6059669853342557,0.43096150807896677,7.554235583931378,1
0.5551169640614011,0.3941948400160079,-3.9660130450476263,1
0.24651106708247547,0.5763388542158857,-1.0113498737613487,0
0.2912699486264512,0.5665388104474519,-14.371925808814375,0
0.7184544862496727,0.2542335039545308,10.922888191918556,0
0.6644004475660487,0.5187025221765587,4.473116317667461,0
0.7606727037881789,0.6140774089798575,3.3258698485690434,1
0.7124799863548681,0.20214974944921446,9.299316015044692,1
0.3050804932708665,0.2317982937336886,-2.715636913637086,0
0.24336420144864895,0.3022588766965834,-0.9968389968333717,1
0.5265091459210047,0.22146021157587753,6.31296313024182,0
0.4592816248840494,0.7403871738464278,-8.432953183516506,1
0.2651682229838344,0.33903855558091867,5.863201982348295,0
0.2757383391232607,0.5526322869793692,0.2734153603487579,0
0.4501468934609283,0.6146572419616667,-0.698618455069334,1
0.31956628347942073,0.5275983402634215,-5.290618234883078,0
0.40417919156051973,0.2688798809719398,2.5647821738004724,0
0.39531014902838973,0.7721154832622199,-13.373397042143251,0
0.31101831220744386,0.4340254601344667,-6.878114356313726,1
0.21437085581506632,0.31156374761694516,-9.318643597054653,0
0.578418674757178,0.7325214344032653,-1.1748301731289343,0
0.6699423527989428,0.2646203949951963,6.114981514256211,0
0.3502754168971207,0.2546663546104598,4.3102648724927395,0
0.6047884247045582,0.5362719917966552,2.8859301205175267,0
0.5524165488896322,0.7739729961504698,-11.080707012674957,0
0.3527990475309171,0.48343176083202305,-8.66537514421131,0
0.3803710574336797,0.6006002887984946,0.41010196945556565,1
0.3373498669071311,0.5442579011992734,1.5550895403542526,0
0.7224216482794408,0.7391717806903193,-0.4525781708941137,0
0.4022145543585337,0.5595680434069015,2.4393787274445486,1
0.24964271479932024,0.7650169572257992,-11.805030583025646,0
0.28621625045398813,0.3052766005410791,-5.399286078507423,0
0.6717518577625745,0.5130039734388792,4.362536862402401,0
0.5547832209431107,0.3530270092223154,11.958874908238784,1
0.5835511399727124,0.6143243254205133,6.592529339160463,1
0.2658135321952273,0.4396914597596802,1.082151560570333,0
0.5645479092619995,0.31402764944129336,-0.335702891058717,1
0.6365596313581379,0.36578863037696585,0.7358068324387146,0
0.305025144618816,0.47507740125378184,2.855340623913861,0
0.770476314912353,0.7191652219042375,3.089067154608634,1
0.624835749327582,0.4161543735387885,6.927263089657084,0
0.5341101308021668,0.6920174036537756,-4.424691588543666,1
0.3170733387233617,0.5879910129099641,-14.048260288705904,1
0.5659419762353984,0.5370527228214026,-1.991245163161489,1
0.7730036560515026,0.6196155852049139,1.3351713392318025,0
0.2614741206002216,0.7350779298786763,-15.378357151328155,0
0.7197034983239852,0.24125190257284262,17.770660456562876,0
0.4012381683842128,0.589617950947435,-9.502122731909015,0
0.5333806920779964,0.6866134827651325,-2.3245863522893035,0
0.6801049049502514,0.37694717845941805,5.140714268388522,1
0.48913395875565197,0.6099140817673323,4.609555378905063,1
0.5161572385044109,0.5463818651015979,-7.952964133024793,1
0.48269082941845337,0.43537163287706354,5.1010438964399665,1
0.5478927292436333,0.6415544047744217,-2.868953806459241,0
0.6876576513811067,0.7204911976000334,-4.477477371673691,0
0.7065288841953961,0.7749222171758223,-5.4295962257557395,0
0.48186187333661373,0.4328630201931287,-2.264171854791657,0
0.3888964336663455,0.6983647939542105,-2.5419389984355663,1
0.43311883121729905,0.22491601628812635,5.157676002022641,1
0.27184112227991236,0.2097064425401423,7.338848413020264,1
0.5651807485716404,0.4387817148725651,0.3760336172094143,0
0.4114475125403445,0.5605475847425488,-6.964932037446042,0
0.4511890371558296,0.38450993266886996,-4.330788869773697,1
0.5259807932411789,0.21936478286796796,2.889068772566395,0
0.7199737467974814,0.3809004993551208,12.030514211164084,1
0.3723652994925519,0.2570594445271699,9.959434509242588,1
0.4001639667630914,0.6560996026365179,-3.6019236836355386,1
0.3395678519868014,0.7014364697277302,-5.2818977639762235,0
0.3891540688968004,0.6466329064739944,-11.125532234403327,1
0.2102446970906685,0.37563029317323543,1.2635191571855593,0
0.40852310601889474,0.4879822882271085,-3.6653217459000014,1
0.7415922981962286,0.5520984428013355,9.466497271101122,1
0.36871068075587554,0.6217632391752101,-9.251363026567713,1
0.2577578771455432,0.7468828631242967,-15.703389390919478,1
0.5023049179317551,0.6143410952586816,3.959312094172633,0
0.4920476487761906,0.25675668858558354,-1.5391825735184455,0
0.4881465595152269,0.6438033557835117,-10.630072673555386,1
0.613666673786693,0.24334518357217727,8.575782165584675,1
0.3488035019922333,0.23135369228718228,6.634743185493736,1
0.40429885635424456,0.707284912196233,-10.682811501706775,1
0.7717068736567525,0.4864190905772227,14.075422609072152,1
0.5912400867270244,0.5726090458240851,-5.223898573996733,1
0.6539036026080293,0.3436027319187198,7.854357603667097,0
0.49280114347830833,0.6657045331453628,-12.038198279525645,1
0.32096645027869275,0.3733217715477719,-5.173666774896966,1
0.6966631421039613,0.7650239589704151,1.7168354423660137,0
0.5739409565729687,0.3695951052683367,5.577869037435627,1
0.250169615070272,0.6245680601000696,-12.947403896012297,1
0.5432857460415568,0.6982786036975765,-0.8995729774036816,1
0.47217462412852773,0.37964339035864314,3.2041368642072863,1
0.6046851323888607,0.7217714221588698,0.44071531967601985,0
0.40406097949030817,0.47901864067991407,5.770295160108796,0
0.26445048442961955,0.42260454197916236,-9.572275035368158,0
0.46515474112231125,0.4528223159803314,-0.8679123502130139,1
0.4367076000851396,0.3851997508897762,-6.1470928000376714,0
0.7162320457146063,0.7075861830466095,1.222836478590288,0
0.20393607566078653,0.5146554436310917,-10.819792256528533,1
0.2538005091112618,0.2186167080549129,-6.467209614233411,1
0.43979293802018005,0.5073859873710254,-7.281818227776341,0
0.6295743214263201,0.6346256169282037,-4.03952983068624,0
0.597445473790986,0.24256181203858712,2.7486000894599645,0
0.7123720292707187,0.7064324017625809,7.6230469736192905,0
0.2518000199818283,0.7007351271961124,-17.1505066087418,0
0.4651818018038609,0.6659357626625966,-8.495239934623504,0
0.26346901230570735,0.7870640052963556,-15.890045226600021,0
0.5728531440498148,0.227403362215336,11.797637761278398,0
0.4528691554988657,0.4860992531027101,-8.588460234641481,0
0.20846095779221208,0.7028866296386334,-10.615634112567742,1
0.5282462005799451,0.6641972579108979,-0.9597719083534191,1
0.5353973553255107,0.3082142070583265,11.70540617981241,1
0.637775050143724,0.3840590723039903,2.8020996222311094,1
0.2861500057760352,0.2820754277225409,4.126161064900012,0
0.7454903752558597,0.5230737895240725,4.901757710889099,1
0.2746297703645717,0.4953343906051841,1.9587714098222486,0
0.22341972879072652,0.370079447909592,-3.2422559199175534,0
0.5315325485491933,0.6322102121740658,0.41969753622689776,0
0.6491936431891502,0.27572750017751757,6.360040825449964,1
0.4757988169015391,0.3682491523092416,7.575153246634482,0
0.23715829190671897,0.3384084247707527,3.854171670504545,1
0.4393979243198733,0.22632183394161953,11.677656875726083,0
0.7047695866131101,0.45481006716624445,-0.08812932087792813,1
0.7629854634654576,0.5580820517189777,1.7729007612815302,1
0.7677762750395289,0.7690817212745236,-7.336071162895047,0
0.29313095003496914,0.766204494674904,-13.893316897889184,1
0.7784406042162912,0.4436513117251326,13.402368470482404,1
0.6332502212004709,0.7941018380863378,-0.2567400106629192,0
0.595348910486478,0.6888942833041991,5.6134191314429875,0
0.33156475128856455,0.4266189422551764,-5.922451375706783,1
0.7161810596809106,0.6138318407704006,2.702707959960741,1
0.5567787898162371,0.35672042902027457,0.5486675556732656,0
0.47011622077780474,0.4425493311811892,-6.022812011021296,1
0.7965530907621541,0.5718401000151485,9.875144300529882,1
0.4480491470949695,0.40086255373374796,7.694940730996755,1
0.22957684731112,0.3188582417870896,-4.197294390078248,0
0.4382065497565868,0.23536318162204373,6.4486000402833,1
0.4616366147826879,0.6551520979446696,-9.13935327098143,0
0.6676470908735275,0.7742235922743006,-5.681420690337581,1
0.31381994087704507,0.6824958886234589,-4.338078406623621,0
0.6095971061601266,0.38707739623890314,6.947956913620424,1
0.5273540053885706,0.3751375475372335,10.607252621043223,1
0.5506147435003373,0.7237626252052227,2.6781318696778724,0
0.27599624458470096,0.6922042325466489,-12.646351477822735,1
0.21285430462820962,0.3745500467291322,-6.10900245292508,1
0.4490053983108474,0.45514254737707055,-3.2166199514153466,0
0.7219538475237417,0.283469029618669,10.074661392359024,1
0.5577772959211443,0.6897524692585348,-8.197486093550888,0
0.23263572811837138,0.387201282203275,-6.624647282346771,0
0.34483049441603153,0.21504252796273915,-3.2890479931156738,1
0.3303390993935019,0.5938633282386487,-8.2901987011644,1
0.49244240702503916,0.237681425664801,8.030000258266323,1
0.6451673547357617,0.5616880459742914,-4.894677195016422,1
0.5233693350253652,0.26726445166932705,6.4133595008494,0
0.7936844461834203,0.3310756043465297,7.014045868123802,1
0.5618121788937116,0.5087160080786095,5.512847918309459,1
0.6596581474942926,0.40968130825684135,2.828156191118282,0
0.4520422575341017,0.5675308346419612,3.4994500993317277,1
0.4992449316207013,0.4194648981685891,7.046708366834531,0
0.6612610691116774,0.4336915844349982,3.8021856765547666,1
0.605536344769212,0.7208776441559797,-6.036164689302936,1
0.35795727621639056,0.7271424528953274,-4.460662506084187,0
0.4911498518008017,0.2368914377799457,7.8047318888031745,0
0.5445393302044952,0.5128332799014361,-6.267905361006635,0
0.24772862723596906,0.6152543731469732,-8.687571605671875,0
0.3434817126013089,0.6199158551538266,-1.8004532927970844,0
0.3595834835537721,0.24343523956012775,-0.9118954924913254,0
0.43723402792221205,0.3057222588834761,10.614616927015712,0
0.33282916594767076,0.6235547414423532,-2.8404134092863904,0
0.7905555858678031,0.3085963454015571,8.862975010512665,1
0.4837118784466012,0.29111101428601255,-2.6623218695162416,1
0.6393632004454752,0.7271123651889106,-9.16664680614681,1
0.4466046312440267,0.2502300579363706,9.43469411200165,1
0.5897684364484975,0.4049820545130242,10.397712069486953,1
0.2595357447183537,0.4381146163365487,-5.789976193292519,0
0.3900495206673379,0.21198968841166696,3.6656591250996664,0
0.443072415615547,0.5733671252014718,2.316859775157575,1
0.44947077761006116,0.6762891532152271,1.4968438378179671,0
0.6486773061128392,0.6887879176633608,5.005366636106414,0
0.5015555082548402,0.35607775707617123,8.905264350620255,1
0.47526409365336025,0.28427186597110476,6.127383001741415,0
0.6297949427425595,0.6723021986037983,0.3037624502334795,0
0.27492481300378446,0.7536987776876736,-16.058434390507543,0
0.6521800410635441,0.4654124806354023,7.931426452556303,0
0.5703241248674069,0.7914834371261956,-2.4511905064886497,1
0.2524090390749753,0.5636888952904793,-15.014290767114964,0
0.6801143209431038,0.6010769057483165,8.342374912282878,1
0.46055791448446315,0.32502603608650926,-0.7297018471663721,0
0.6417948628621086,0.45637174602351993,12.314931772085055,0
0.5408316367672935,0.3561564798736462,0.7272166518926859,1
0.6882695504037792,0.21512936929954155,18.9409756914436,0
0.45703858238843603,0.41448774204925676,1.9566207816246564,0
0.35214661069638703,0.2081812399675696,3.4042444893949733,0
0.2127981138708189,0.6181408336513924,-4.074392434267711,1
0.5262894614979882,0.6681480317272047,-4.218971717993983,1
0.5001205060009319,0.30831315369452855,-0.05209795593983735,0
0.33541040563658886,0.7539108748642627,-5.785044528554945,0
0.525731613516679,0.7576855491845931,-5.14801837615342,1
0.4129641863347443,0.33847245829838113,8.979010770087003,1
0.5405467203292786,0.4652520011220402,-3.249001771801141,1
0.4293695035409758,0.6563457316252519,-9.850350582955889,0
0.7925334015189744,0.6598206404784934,5.295957701434706,0
0.4685134067617207,0.6181730591984176,-9.02899398355081,0
0.6670888404591968,0.20210111124720817,3.9574072416773056,0
0.43493165948799745,0.5018007563698066,-6.2526534503029945,1
0.7608223624059198,0.6692427542639026,-1.4314554501740302,0
0.3146889061555136,0.2898212588709054,7.531506103362584,0
0.7133657127192701,0.24986169016846585,18.659190080907468,0
0.47601933489726017,0.4084137474610319,-4.963963679937304,0
0.5593875820519235,0.4819954557069995,2.16822507770965,1
0.3891520913529819,0.4188959452081935,1.7065896474583204,0
0.38670181476264764,0.2724648488752597,0.6028378006415851,1
0.6073105551908744,0.5314234258039753,9.422693567425512,0
0.7700813395974642,0.6882864271931275,1.2958602636775263,1
0.7653252485927893,0.5280752793224122,9.802541541886736,1
0.5793666875871146,0.4639381662588104,6.521790607091282,1
0.44161259605840175,0.43484943921413066,-2.579901988558971,0
0.6823890123226479,0.7526735047958089,4.111638005925305,1
0.2904515184221316,0.5701643300253776,-12.527789816192136,0
0.5178819396446028,0.36987977165901564,3.986559787716115,0
0.7113301408598904,0.5150340364211037,7.32562946771211,1
0.6204494119967658,0.3118493876295006,10.98901448787917,1
0.4943411053078519,0.4828402135915418,4.4897679661238525,1
0.7096577336483332,0.37163752282699547,10.12179777649449,1
0.29575403272425854,0.7940715858170477,-18.470504450003716,0
0.44526991752317685,0.5126896735312951,-6.506116574472282,0
0.4389628952882365,0.6263063210291151,-11.03640369031596,1
0.4428334607733468,0.5791021589786061,-1.4636518313086087,0
0.22324362980715523,0.34449526145696807,-8.79390976475749,1
0.27462797719075843,0.29652507633697234,-4.16335645552887,0
0.23709386788767,0.7306331957664194,-18.670375850650224,0
0.3638655741166605,0.5698529238389904,-7.705762547855876,1
0.5894240455638597,0.5857541381035337,5.762725930295583,0
0.27188782658192173,0.3874002027306783,-1.8264123268373296,1
0.3002686572600129,0.6346926558215237,-7.521085975747241,0
0.4103356925237542,0.32766317857053484,-1.9961050239163556,1
0.7221261086968025,0.770387880083881,3.7096620652726067,1
0.27931356232630633,0.414059265530982,-2.48392202636698,0
0.5425562451461736,0.6157451766537991,-6.777831273790068,1
0.7855807499653693,0.5642354418703517,12.149015798846117,0
0.6054038449951699,0.40300942675595386,9.92846331305745,1
0.32511132875141247,0.24471615332176042,2.611190400036031,1
0.7630653921748825,0.32769933899002546,16.17714221296724,1
0.6024038265844107,0.7013172340955593,-4.305595360755272,0
0.5855310622854183,0.21232547967884727,4.36827761898148,0
0.6623602974225045,0.2966658867428631,12.442260685142918,1
0.5197809926528545,0.23895144753405995,0.8974667083722414,1
0.4733142054357056,0.2315715149609856,7.528075138469308,0
0.7939015665728582,0.6454696461724787,5.583388462658323,0
0.5345674634664832,0.33464062639022774,8.566523385959965,0
0.7831903223965659,0.6526575915839535,3.382845353941262,1
0.3617937743599652,0.47129251559372404,2.802787923045411,1
0.3149180415472833,0.5686316241032605,-4.1633153770396785,0
0.7908940693462991,0.5768580925955267,4.20720775636527,1
0.45077832177181054,0.34976748681715286,1.5798923739592423,0
0.6766514473515057,0.6319551374123386,0.5297005962955752,1
0.7315575643771777,0.3583033847944325,10.466050108395976,1
0.2585274579628632,0.2976372801463433,6.792441673508432,0
0.2999777093747379,0.5143276449937659,1.7829981609423209,0
0.46781808744697867,0.2327557348996182,13.758176461878529,0
0.2947895138783029,0.6396103945450533,-14.139873357371393,0
0.2873293993195687,0.6633372846599801,-10.956531119082818,0
0.48828573138925635,0.2808294833814079,5.971089167062134,1
0.2825706163898469,0.3063155529110728,-3.155055240739813,1
0.4918411253756185,0.28183680417263124,5.2013929416760325,1
0.5807686354664914,0.2599206827015006,1.9705382271876761,1
0.41442406856396846,0.3886913570621705,3.180276889940308,0
0.3286329634994307,0.28094094977043055,3.5222001488980057,0
0.6691585990369391,0.3797956333949263,8.584215105983851,1
0.5206996147530647,0.48370639272106036,8.802374735080603,1
0.4516955867868018,0.22181558552202738,-0.5842052206831196,1
0.7026893742711946,0.24653853856855285,6.62264889127219,1
0.3744273144135878,0.3590157485449252,-1.226637469894235,0
0.41913033621993584,0.37170628408250084,-6.579698461233627,0
0.6751058548021536,0.5801434599727066,-5.058740075053677,0
0.2907035033898161,0.48811771797009,-0.17991440903268785,1
0.6453525764281693,0.4135218618207979,7.718243252875664,1
0.5218656911109745,0.20042823763296924,0.8894488871443542,1
0.45844862988250157,0.7259911775697534,0.8676799649912255,1
0.6602160495535381,0.7591266391611313,4.62971530927544,0
0.225028696454791,0.3507047637054752,-3.4688335890668727,0
0.530840492832879,0.34240795449238115,9.934185268573703,0
0.2733578098683628,0.46939208516686726,-2.8531989081812483,0
0.7638839819871182,0.7099101975738333,-4.2236912872764,0
0.4748684418686631,0.309666991275341,5.418200647407906,0
0.4598023996372478,0.5693203227168495,3.5887017714247316,0
0.4223157481775309,0.5679242455068167,-10.464108754863522,0
0.6184605437952251,0.3244160631922896,11.973195021867387,1
0.24078248233541982,0.5025297022625288,-0.18480655821436276,0
0.7800627171230956,0.25856436595314136,6.625386283699395,1
0.6728357295275758,0.6384487918765736,-5.597842550588206,0
0.501139937471301,0.35443661587772013,-2.671968269936089,1
0.34033911053655347,0.44149341504414974,3.426287655221612,0
0.468003329468978,0.3158596265842162,9.070920457002927,0
0.30664401001420394,0.6864111435869362,-11.603527097993375,1
0.5874227388080391,0.39498164027752175,3.0109848558903316,0
0.5985575397310949,0.42711965745931324,1.3756006204954403,1
0.6583589706432851,0.748359890152511,-6.372595617926541,0
0.5668990110746123,0.5418625902440577,7.915107881192061,1
0.3336976336362887,0.47710663892278116,-10.875613971655497,0
0.4900224286538923,0.44743351850469804,4.920372859849613,1
0.6339954653135158,0.3834757305256465,-0.5298457816105708,1
0.23401832075547485,0.26572762543607764,0.5099942068694729,0
0.7431447355923357,0.24728979880758908,16.991396296404837,1
0.4048527249698176,0.37506753114946423,-2.216038265082435,1
0.6960185445969735,0.7393837376607935,-6.817008302711677,0
0.7278578832964577,0.24680019831742095,5.2581137944593745,0
0.29232676549584247,0.5540399912325741,-0.19886421844442115,0
0.6835942439983587,0.7095848026867055,-3.457790261998896,1
0.2817177312170232,0.4365977167283017,-3.4119874038776743,1
0.5113808739996277,0.7523378127341966,-10.932828413968423,0
0.6240855317752417,0.2122758312064129,4.36051061407613,0
0.4599369231101133,0.525789646624555,-2.628268121060921,1
0.3579139750480492,0.5281625464715257,2.9636589966472595,0
0.5279023269401348,0.4876263470211335,3.7428487630158314,1
0.2751286738603341,0.745837294856917,-15.964657908559948,0
0.35830335934520546,0.5730971177775712,-2.0752565462636596,0
0.4761232080909826,0.7839843116548317,-7.950157339681171,1
0.4688955351490482,0.7049511110000073,-8.679005725118191,1
0.7227241164562865,0.5718021500285809,10.565574725970697,1
0.2982224635734517,0.40596762199344394,-9.04469110930335,1
0.4404586985209247,0.7946900336133076,-12.151502795305195,1
0.7736512842489449,0.6635852452552179,8.431809748351686,1
0.7741202216988388,0.40213681835715753,5.007005059858669,1
0.4236172527248612,0.39291106763302563,1.1574652670715646,1
0.5936782492876479,0.7273131057566602,4.181716425753875,1
0.601912229965758,0.5188464166115276,-4.826220381005478,1
0.4837901076953714,0.35178622904378876,1.145752556904649,0
0.30084962028658,0.733306230073963,-16.410870291788648,0
0.36975154651842956,0.39915365162466077,4.218102528182027,1
0.5587679712556302,0.42157812659985516,3.131047974360504,0
0.35493263051547974,0.26944789588093726,1.0272725225868622,0
0.28670554058373543,0.48102108272176486,-12.392804685038513,0
0.21473170511208473,0.28736489857719255,-4.926102188420598,0
0.5818437249411026,0.3676619366108007,4.055759484785936,0
0.587429933792595,0.5689761191901527,-2.593363242027996,0
0.498991135320269,0.5383866353845709,-7.161660243076943,1
0.5856764028884824,0.5104594026361442,-4.267409210674674,0
0.6565661474468457,0.7197210674973991,2.1950013315825845,0
0.7348044617923908,0.7398330858971289,-5.657752960448371,1
0.45982515272764746,0.5537484621061523,-6.275755350619146,0
0.6683887335356071,0.6571882879048068,-6.936625685281232,1
0.7015121361618966,0.6599825582472805,8.109943590810921,0
0.7997981335542421,0.5055688901933477,13.383717910636967,0
0.7264818016541463,0.6093985469875648,7.822632653383504,1
0.46503752509209056,0.6706521417117425,-12.936075640775474,0
0.5156217378133694,0.4350490313010129,1.2488158112410286,0
0.5799933977876915,0.5572683129829079,-2.4238463548510834,0
0.3804476515216596,0.6037540365265235,-4.942491007837626,0
0.5642102274233862,0.6347407848897815,5.289264744572905,1
0.47905176029609164,0.747099902538854,-11.61295675262381,1
0.7984867503141932,0.6053797009090546,6.017096353668349,0
0.7493163014528137,0.3246737679915984,12.806566963303606,1
0.24821644063915638,0.45252605902414655,-12.24650572287802,1
0.39035246869802287,0.6818605476704109,-8.753302839007073,1
0.6402281481390582,0.46139519100848375,-1.7081326663499796,0
0.7113656258494145,0.6246829367954154,-4.385182306703468,0
0.24848530370670563,0.20089098803134298,-6.343146608586655,1
0.3053577137517121,0.7896949556746591,-5.338949335752742,1
0.39175390986401126,0.33185392428838056,-0.9313588251221923,1
0.4660471234137384,0.2557613673603512,-1.5941226234561814,1
0.6149591683956073,0.4928987559204309,-0.4459142644029077,1
0.23088124563881765,0.3441896662877659,-1.9660641290103245,1
0.6176516335342954,0.6473230852177476,-7.136408142046719,0
0.5274690358593979,0.5676351297149241,-4.130411776553892,1
0.4713610376054424,0.5099579311425897,6.387206517777916,1
0.31020066501077787,0.5030258429833613,-10.843537837766402,1
0.23022050234710886,0.3191663943101011,-3.704217662976916,1
0.5453268993255511,0.3767240569308761,2.9025796489196605,1
0.3615739322808973,0.3035475552756778,3.8828847322864672,1
0.5255132136153619,0.7171779732625212,-4.66262366714742,1
0.6779447286656276,0.7488901518692197,-5.000255265665984,0
0.39435395958955055,0.23750734766889942,7.258240818946927,0
0.3088262281455783,0.40747228951258996,-1.3165716850247482,0
0.6120492364918106,0.4711565326394445,11.144260267831346,1
0.5597952245118866,0.7471571296961304,0.2106293766437588,1
0.22470652385072606,0.5817537261030907,-6.340300149755114,1
0.652799047320997,0.4013593575367853,13.600759093653547,1
0.26452697335473585,0.39589671800612625,-1.6427784944398756,0
0.7817128817072552,0.5574838541276422,10.362441834137368,1
0.37420387340332684,0.5393495295986881,-8.462430779731768,1
0.26995645700660487,0.5018244064540458,0.18507792524019528,1
0.378995777244005,0.2092203245709098,6.717936232303779,1
0.2475888521041151,0.5759871320823146,-2.6711041202324832,0
0.43873446079443223,0.6493679263997303,-1.6639549702670893,0
0.2890095372922743,0.32783888837241626,4.8977986736950285,0
0.3742908528266291,0.29616093119045744,-4.758146638699738,0
0.39118743748366464,0.4233918893717564,1.599652606574715,1
0.7774419578480667,0.659509363111731,2.914332650064016,1
0.2545699534226305,0.41242944821302585,-1.194935814674904,0
0.5816921721025619,0.48845675407370054,7.612756542887672,1
0.23110940478741962,0.5613069222388325,-2.945134304794534,1
0.3410791967727629,0.7434928177987095,-16.548721587864712,0
0.4909134181073602,0.5710010234489512,-6.957382821517467,1
0.6314987429886824,0.2193251841189402,14.660714648013876,0
0.46071089192564874,0.535055384165337,1.1040883090702376,1
0.23264850900636,0.6189390284395329,-5.81458811459343,0
0.4952984716397906,0.7240960811714727,-2.0103526733303436,0
0.36825796843642944,0.7500015087210365,-4.6730194287664055,0
0.2780203066721193,0.7438844876216797,-19.382409315034092,0
0.5239143007961002,0.5975211788820572,-5.952693885083468,1
0.28177729846825517,0.6895135597401543,-5.8067345191378905,0
0.34804105709861544,0.3552758888494413,-3.751745075371735,0
0.3638434838522113,0.6934198213481391,-14.680341365079387,0
0.3931453193878415,0.621417680185799,-0.15299140482589202,0
0.27352235755523474,0.7270197063494241,-5.304205125960937,0
0.5330831220662504,0.7455431076520935,-11.474661581733384,0
0.6304661957165681,0.27535083763416607,7.558983361930794,1
0.6428613343105687,0.26418465200051044,7.416493480820959,1
0.6158552984197554,0.43813239339595217,5.428429211462486,1
0.4738221449556797,0.4042676599203648,6.172336184359203,1
0.6495497882660122,0.30239806756325543,5.461112132736446,1
0.3450465501586042,0.5214682282977359,0.9990605964788752,1
0.7370534372106812,0.41398679671809474,2.842285180770439,1
0.5231151750733514,0.5374437553297735,4.205336200891151,1
0.2475244068259847,0.5696633853609189,-4.887751503987399,0
0.6143613018379248,0.25829927474646597,7.208021631925247,1
0.5204320363705197,0.31775423045484913,9.801573035698773,1
0.5910958904885955,0.30755427591482437,14.328705285817144,0
0.5519239037152921,0.5794047542604066,4.011776451613494,0
0.7968276823220759,0.5257361456362641,5.205926969504373,0
0.7896955513981059,0.44178434125066507,11.599849794981184,0
0.3935793177978808,0.6274333061750932,-1.2932135538573348,1
0.403215993921053,0.34022427299841634,7.1701503412088154,1
0.4392242096322981,0.5040578060493242,5.059458063548629,1
0.294298637027411,0.3995761387900192,-3.366031154006216,0
0.6019777313051037,0.5722641054881115,6.704380422877727,0
0.5979535798402904,0.634925793197706,1.8326497626314202,0
0.6832542466021245,0.4997340834861359,6.222590536673439,0
0.7081822862472051,0.3132243562774135,6.776750283818197,1
0.6287264224912448,0.3730883452266331,3.253196344215964,1
0.4672541123800026,0.5283161609645051,3.1955749707864847,1
0.6275802824100658,0.2998380713040506,14.029841036768689,1
0.38045450123413604,0.40566495913030953,2.1180371979440706,1
0.2238108656016352,0.6755937721953633,-11.970882627650395,0
0.5557504505846662,0.7182505899282239,-11.803063682610876,1
0.28048874473211977,0.49420725262526116,1.2093611442881151,0
0.3191660402667021,0.7881189713679235,-3.8121100976687767,0
0.6075623835398384,0.20045681046305194,16.69116560518762,1
0.5170863309121319,0.48529606516593615,2.061797255145633,0
0.31705113610664026,0.41238730457476225,1.1217145744996175,0
0.4332798434430294,0.40571914147381205,0.004543574494452085,0
0.7943013376064505,0.5503111463020276,-1.3825763366553225,0
0.38071022331779536,0.7785081247820564,-16.25383185928441,0
0.5117959030041221,0.27174194488254394,4.308205465166171,1
0.29450290738984614,0.6452503656018651,-11.597629152889649,0
0.6050417595468454,0.7328716211264006,-6.477014137145598,1
0.6919582809317664,0.4890593010328618,7.7925580090317546,1
0.4222813764483565,0.3212482130120863,7.379118925062494,0
0.24041280183097258,0.7927501129862706,-5.979843766562485,0
0.3261948221353033,0.5328211092468969,-0.8577512344859572,1
0.7725082002976835,0.5855651234934673,0.05740668967543172,0
0.7431307778348106,0.49746046584467146,5.257710818596175,0
0.4155642749430922,0.24155362812412118,-1.5352690561299394,0
0.2152374118896551,0.5146173654872084,-12.59359071738433,0
0.3559825811794054,0.6732030715654196,-5.3428264771133485,1
0.6272351889903809,0.33229418418927065,0.2026308376073409,1
0.4146230312284618,0.5419224592790886,3.544630832243243,0
0.711605685622904,0.7187675293007421,1.72704022284302,0
0.713452346000546,0.4020704481168501,13.133314640576945,1
0.3712902121527648,0.5667403618715856,2.903017788808701,0
0.3728577976834478,0.5055287910702939,-4.076079997323579,0
0.4316861644511287,0.4993556185721316,1.0138726546651773,1
0.36717339341383215,0.4838731456160633,0.7856434546333744,0
0.7430174122154958,0.2752361458242678,12.217738913441474,0
0.5768741341594128,0.5492906470496901,5.186543722405679,0
0.5486953702719618,0.3068992281278937,14.026587570954497,0
0.5879722196614727,0.5083933329348935,1.4292388651309864,0
0.20568969756261218,0.7867361751974846,-8.228572064957628,0
0.6406447868596826,0.42906442273583323,7.505689996498946,0
0.26782757680946334,0.3471588350301893,-8.571507210741656,1
0.39733616408042893,0.6499639530076011,-10.082818017234253,0
0.6685014001134617,0.7326099932005765,-3.7369909661041323,1
0.26399720404881144,0.23725357857732865,4.484233282687619,1
